29748778,9.14000000,2.10000000,49999378,49999379,1697328195826,True,True
29748779,9.13000000,15.27000000,49999380,49999382,1697328196084,True,True
29748780,9.14000000,10.51000000,49999383,49999383,1697328297755,False,True
29748781,9.13000000,1.09000000,49999384,49999384,1697328528011,True,True
29748782,9.14000000,1.63000000,49999385,49999385,1697328539753,False,True
29748783,9.14000000,49.19000000,49999386,49999389,1697328542792,False,True
29748784,9.14000000,24.87000000,49999390,49999391,1697328676159,True,True
29748785,9.14000000,2.06000000,49999392,49999392,1697328739111,False,True
29748786,9.14000000,33.67000000,49999393,49999393,1697328837815,True,True
29748787,9.15000000,1.64000000,49999394,49999394,1697328966201,False,True
29748788,9.15000000,2.06000000,49999395,49999395,1697329379847,True,True
29748789,9.13000000,2.06000000,49999396,49999396,1697329720228,False,True
29748790,9.13000000,2.06000000,49999397,49999397,1697329754517,True,True
29748791,9.12000000,29.30000000,49999398,49999399,1697329754517,True,True
29748792,9.13000000,19.09000000,49999400,49999400,1697329754533,False,True
29748793,9.13000000,5.33000000,49999401,49999402,1697329774745,False,True
29748794,9.13000000,22.90000000,49999403,49999405,1697329887101,True,True
29748795,9.13000000,0.70000000,49999406,49999406,1697329936405,True,True
29748796,9.13000000,2.10000000,49999407,49999407,1697330010271,True,True
29748797,9.13000000,35.63000000,49999408,49999408,1697330029565,False,True
29748798,9.13000000,2.06000000,49999409,49999409,1697330030609,False,True
29748799,9.13000000,2.06000000,49999410,49999410,1697330120506,True,True
29748800,9.12000000,57.38000000,49999411,49999412,1697330165587,True,True
29748801,9.12000000,60.65000000,49999413,49999413,1697330233398,True,True
29748802,9.13000000,3.75000000,49999414,49999415,1697330539914,False,True
29748803,9.13000000,24.37000000,49999416,49999416,1697330539919,False,True
29748804,9.13000000,1.40000000,49999417,49999417,1697330540030,False,True
29748805,9.13000000,1.81000000,49999418,49999418,1697330610860,True,True
29748806,9.12000000,1.81000000,49999419,49999419,1697330610879,True,True
29748807,9.12000000,65.78000000,49999420,49999420,1697330610936,True,True
29748808,9.13000000,1.77000000,49999421,49999421,1697330730538,False,True
29748809,9.13000000,1.81000000,49999422,49999422,1697330852603,False,True
29748810,9.14000000,23.28000000,49999423,49999424,1697331544568,False,True
29748811,9.14000000,20.48000000,49999425,49999426,1697331617715,True,True
29748812,9.15000000,0.70000000,49999427,49999427,1697332149952,False,True
29748813,9.16000000,10.45000000,49999428,49999431,1697332617371,False,True
29748814,9.17000000,1.41000000,49999432,49999432,1697332669365,False,True
29748815,9.17000000,5.00000000,49999433,49999433,1697332861579,False,True
29748816,9.18000000,35.43000000,49999434,49999437,1697333233047,False,True
29748817,9.19000000,32.60000000,49999438,49999442,1697333861887,False,True
29748818,9.20000000,54.69000000,49999443,49999445,1697334122153,False,True
29748819,9.20000000,5.83000000,49999446,49999446,1697334122161,False,True
29748820,9.21000000,5.00000000,49999447,49999447,1697334150359,False,True
29748821,9.21000000,2.11000000,49999448,49999448,1697334155757,True,True
29748822,9.22000000,13.81000000,49999449,49999452,1697334173730,False,True
29748823,9.22000000,27.65000000,49999453,49999457,1697334173737,False,True
29748824,9.23000000,3.35000000,49999458,49999459,1697334186192,False,True
29748825,9.24000000,23.35000000,49999460,49999463,1697334191297,False,True
29748826,9.24000000,2.11000000,49999464,49999464,1697334193553,True,True
29748827,9.23000000,27.15000000,49999465,49999465,1697334195117,True,True
29748828,9.22000000,49.24000000,49999466,49999467,1697334204911,True,True
29748829,9.22000000,49.95000000,49999468,49999468,1697334204915,True,True
29748830,9.23000000,2.11000000,49999469,49999469,1697334213992,False,True
29748831,9.25000000,20.45000000,49999470,49999473,1697334264041,False,True
29748832,9.25000000,169.79000000,49999474,49999474,1697334264045,False,True
29748833,9.25000000,2.10000000,49999475,49999475,1697334265033,False,True
29748834,9.25000000,2.10000000,49999476,49999476,1697334265035,False,True
29748835,9.25000000,815.75000000,49999477,49999480,1697334266042,False,True
29748836,9.25000000,69.63000000,49999481,49999482,1697334301219,True,True
29748837,9.25000000,28.46000000,49999483,49999483,1697334301219,True,True
29748838,9.25000000,51.78000000,49999484,49999484,1697334301227,True,True
29748839,9.25000000,81.37000000,49999485,49999485,1697334301235,True,True
29748840,9.25000000,2.11000000,49999486,49999486,1697334328141,False,True
29748841,9.25000000,2.11000000,49999487,49999487,1697334351824,True,True
29748842,9.24000000,0.98000000,49999488,49999488,1697334357380,True,True
29748843,9.25000000,2.11000000,49999489,49999489,1697334358508,False,True
29748844,9.25000000,219.58000000,49999490,49999493,1697334361922,True,True
29748845,9.26000000,368.40000000,49999494,49999500,1697334489219,False,True
29748846,9.26000000,0.64000000,49999501,49999501,1697334491265,True,True
29748847,9.26000000,1.46000000,49999502,49999502,1697334498764,True,True
29748848,9.24000000,136.81000000,49999503,49999503,1697334667479,True,True
29748849,9.24000000,94.27000000,49999504,49999505,1697334667484,True,True
29748850,9.23000000,42.12000000,49999506,49999507,1697335109684,True,True
29748851,9.24000000,23.36000000,49999508,49999509,1697335212435,False,True
29748852,9.24000000,94.00000000,49999510,49999510,1697335242362,False,True
29748853,9.24000000,637.45000000,49999511,49999511,1697335255182,False,True
29748854,9.24000000,44.56000000,49999512,49999512,1697335255186,False,True
29748855,9.24000000,43.40000000,49999513,49999513,1697335255189,False,True
29748856,9.24000000,21.00000000,49999514,49999514,1697335255819,False,True
29748857,9.24000000,25.00000000,49999515,49999515,1697335255820,False,True
29748858,9.24000000,55.93000000,49999516,49999516,1697335256193,False,True
29748859,9.24000000,55.93000000,49999517,49999517,1697335256324,False,True
29748860,9.24000000,6.31000000,49999518,49999518,1697335256328,False,True
29748861,9.24000000,55.93000000,49999519,49999519,1697335256436,False,True
29748862,9.24000000,8.88000000,49999520,49999520,1697335256539,False,True
29748863,9.25000000,39.04000000,49999521,49999521,1697335275291,False,True
29748864,9.25000000,2.10000000,49999522,49999522,1697335296751,False,True
29748865,9.25000000,2.10000000,49999523,49999523,1697335296753,False,True
29748866,9.25000000,22.55000000,49999524,49999524,1697335364652,False,True
29748867,9.25000000,38.12000000,49999525,49999525,1697335371721,False,True
29748868,9.25000000,6.38000000,49999526,49999528,1697335501395,True,True
29748869,9.23000000,120.14000000,49999529,49999529,1697335704838,True,True
29748870,9.23000000,18.14000000,49999530,49999530,1697335704842,True,True
29748871,9.23000000,102.00000000,49999531,49999531,1697335704845,True,True
29748872,9.23000000,18.14000000,49999532,49999532,1697335704867,True,True
29748873,9.23000000,2.10000000,49999533,49999533,1697335823179,False,True
29748874,9.23000000,2.10000000,49999534,49999535,1697335823183,False,True
29748875,9.22000000,4.77000000,49999536,49999539,1697336010873,True,True
29748876,9.21000000,4.76000000,49999540,49999540,1697336010885,True,True
29748877,9.21000000,292.24000000,49999541,49999543,1697336110432,True,True
29748878,9.21000000,2.10000000,49999544,49999544,1697336170071,False,True
29748879,9.21000000,54.00000000,49999545,49999546,1697336170168,False,True
29748880,9.21000000,217.38000000,49999547,49999547,1697336200047,False,True
29748881,9.22000000,52.00000000,49999548,49999548,1697336200060,False,True
29748882,9.21000000,5.91000000,49999549,49999550,1697336265971,True,True
29748883,9.21000000,10.85000000,49999551,49999551,1697336265974,True,True
29748884,9.21000000,5.91000000,49999552,49999552,1697336265979,True,True
29748885,9.20000000,1.41000000,49999553,49999553,1697336363592,True,True
29748886,9.19000000,35.46000000,49999554,49999557,1697336389727,True,True
29748887,9.19000000,47.08000000,49999558,49999558,1697336389753,True,True
29748888,9.19000000,2.12000000,49999559,49999559,1697336407970,True,True
29748889,9.19000000,2.13000000,49999560,49999560,1697336579575,False,True
29748890,9.19000000,10.88000000,49999561,49999562,1697336896649,False,True
29748891,9.19000000,10.88000000,49999563,49999563,1697336897462,False,True
29748892,9.19000000,10.88000000,49999564,49999564,1697336898296,False,True
29748893,9.19000000,10.88000000,49999565,49999565,1697336899119,False,True
29748894,9.18000000,13.31000000,49999566,49999569,1697337066313,True,True
29748895,9.19000000,12.22000000,49999570,49999570,1697337189941,False,True
29748896,9.19000000,4.13000000,49999571,49999571,1697337209800,False,True
29748897,9.19000000,35.00000000,49999572,49999572,1697337216045,False,True
29748898,9.19000000,78.55000000,49999573,49999573,1697337216050,False,True
29748899,9.19000000,2.10000000,49999574,49999574,1697337216050,False,True
29748900,9.19000000,54.22000000,49999575,49999575,1697337216053,False,True
29748901,9.19000000,40.87000000,49999576,49999576,1697337216054,False,True
29748902,9.19000000,5.21000000,49999577,49999578,1697337216054,False,True
29748903,9.19000000,7.48000000,49999579,49999579,1697337216055,False,True
29748904,9.19000000,79.58000000,49999580,49999580,1697337216165,False,True
29748905,9.19000000,9.36000000,49999581,49999581,1697337216223,False,True
29748906,9.19000000,113.55000000,49999582,49999582,1697337250412,False,True
29748907,9.19000000,57.00000000,49999583,49999583,1697337290502,False,True
29748908,9.19000000,2.10000000,49999584,49999584,1697337290507,False,True
29748909,9.19000000,56.55000000,49999585,49999585,1697337290510,False,True
29748910,9.19000000,2.10000000,49999586,49999586,1697337403707,False,True
29748911,9.19000000,22.00000000,49999587,49999587,1697337403710,False,True
29748912,9.19000000,175.57000000,49999588,49999590,1697337403726,False,True
29748913,9.19000000,1.00000000,49999591,49999591,1697337403777,False,True
29748914,9.19000000,1.00000000,49999592,49999592,1697337403778,False,True
29748915,9.19000000,1.00000000,49999593,49999593,1697337403779,False,True
29748916,9.19000000,1.00000000,49999594,49999594,1697337403792,False,True
29748917,9.19000000,1.00000000,49999595,49999595,1697337403792,False,True
29748918,9.19000000,1.00000000,49999596,49999596,1697337403793,False,True
29748919,9.19000000,1.00000000,49999597,49999597,1697337403801,False,True
29748920,9.19000000,1.00000000,49999598,49999598,1697337403803,False,True
29748921,9.19000000,1.00000000,49999599,49999599,1697337403804,False,True
29748922,9.19000000,1.00000000,49999600,49999600,1697337403812,False,True
29748923,9.19000000,1.00000000,49999601,49999601,1697337403814,False,True
29748924,9.19000000,1.00000000,49999602,49999602,1697337403814,False,True
29748925,9.19000000,1.00000000,49999603,49999603,1697337403821,False,True
29748926,9.19000000,1.00000000,49999604,49999604,1697337403827,False,True
29748927,9.19000000,1.00000000,49999605,49999605,1697337403829,False,True
29748928,9.19000000,3.00000000,49999606,49999606,1697337403830,False,True
29748929,9.19000000,7.00000000,49999607,49999607,1697337403841,False,True
29748930,9.19000000,3.00000000,49999608,49999608,1697337403841,False,True
29748931,9.19000000,3.00000000,49999609,49999609,1697337403843,False,True
29748932,9.19000000,19.00000000,49999610,49999610,1697337403850,False,True
29748933,9.19000000,7.00000000,49999611,49999611,1697337403853,False,True
29748934,9.19000000,7.00000000,49999612,49999612,1697337403859,False,True
29748935,9.19000000,37.00000000,49999613,49999613,1697337403861,False,True
29748936,9.19000000,19.00000000,49999614,49999614,1697337403865,False,True
29748937,9.19000000,86.27000000,49999615,49999615,1697337422730,False,True
29748938,9.19000000,815.85000000,49999616,49999618,1697337490483,False,True
29748939,9.21000000,2.21000000,49999619,49999619,1697337913734,True,True
29748940,9.20000000,57.41000000,49999620,49999621,1697337925617,False,True
29748941,9.20000000,2.21000000,49999622,49999622,1697337949418,False,True
29748942,9.20000000,2.21000000,49999623,49999623,1697338080195,False,True
29748943,9.20000000,295.58000000,49999624,49999626,1697338309510,True,True
29748944,9.20000000,2.10000000,49999627,49999627,1697338396656,False,True
29748945,9.20000000,0.11000000,49999628,49999628,1697338396658,False,True
29748946,9.21000000,113.00000000,49999629,49999629,1697338480081,False,True
29748947,9.21000000,2.21000000,49999630,49999630,1697338593597,True,True
29748948,9.20000000,19.87000000,49999631,49999631,1697338772531,True,True
29748949,9.20000000,1.73000000,49999632,49999632,1697338793550,False,True
29748950,9.20000000,0.48000000,49999633,49999633,1697338797125,False,True
29748951,9.21000000,14.05000000,49999634,49999634,1697338942378,False,True
29748952,9.21000000,27.05000000,49999635,49999635,1697338942456,False,True
29748953,9.21000000,15.57000000,49999636,49999636,1697338942465,False,True
29748954,9.21000000,10.72000000,49999637,49999637,1697338942466,False,True
29748955,9.21000000,2.21000000,49999638,49999638,1697339001579,True,True
29748956,9.20000000,2.21000000,49999639,49999639,1697339538310,False,True
29748957,9.21000000,2.00000000,49999640,49999640,1697339828347,False,True
29748958,9.21000000,2.33000000,49999641,49999641,1697339989371,True,True
29748959,9.21000000,9.92000000,49999642,49999643,1697340054013,True,True
29748960,9.21000000,38.72000000,49999644,49999645,1697340054964,True,True
29748961,9.21000000,2.22000000,49999646,49999646,1697340054986,True,True
29748962,9.21000000,4.96000000,49999647,49999647,1697340081649,True,True
29748963,9.21000000,53.15000000,49999648,49999649,1697340892643,False,True
29748964,9.21000000,53.00000000,49999650,49999650,1697340908081,False,True
29748965,9.21000000,67.94000000,49999651,49999651,1697340908085,False,True
29748966,9.21000000,2.33000000,49999652,49999652,1697341129628,True,True
29748967,9.19000000,21.36000000,49999653,49999653,1697341375611,True,True
29748968,9.19000000,4.87000000,49999654,49999654,1697341420370,True,True
29748969,9.19000000,2.10000000,49999655,49999655,1697341621551,False,True
29748970,9.18000000,2.10000000,49999656,49999656,1697341825724,True,True
29748971,9.18000000,2.10000000,49999657,49999657,1697341837467,False,True
29748972,9.18000000,0.23000000,49999658,49999658,1697341869209,False,True
29748973,9.18000000,2.34000000,49999659,49999659,1697341897556,True,True
29748974,9.18000000,2.34000000,49999660,49999660,1697341942787,False,True
29748975,9.19000000,12.25000000,49999661,49999661,1697341942787,False,True
29748976,9.18000000,2.33000000,49999662,49999662,1697341950058,True,True
29748977,9.17000000,455.16000000,49999663,49999666,1697342002926,True,True
29748978,9.17000000,22.28000000,49999667,49999667,1697342002957,False,True
29748979,9.17000000,2.33000000,49999668,49999668,1697342005374,False,True
29748980,9.18000000,450.38000000,49999669,49999677,1697342005374,False,True
29748981,9.17000000,24.50000000,49999678,49999679,1697342028278,True,True
29748982,9.17000000,2.10000000,49999680,49999680,1697342059029,False,True
29748983,9.17000000,0.23000000,49999681,49999681,1697342410646,False,True
29748984,9.18000000,0.55000000,49999682,49999682,1697342549039,False,True
29748985,9.18000000,1.09000000,49999683,49999683,1697342734378,False,True
29748986,9.18000000,3.52000000,49999684,49999685,1697342806562,True,True
29748987,9.17000000,2.10000000,49999686,49999686,1697342956020,False,True
29748988,9.17000000,0.23000000,49999687,49999687,1697342984573,False,True
29748989,9.17000000,2.33000000,49999688,49999688,1697343046916,True,True
29748990,9.17000000,21.49000000,49999689,49999690,1697343229069,False,True
29748991,9.17000000,2.41000000,49999691,49999692,1697343410039,True,True
29748992,9.16000000,1030.37000000,49999693,49999696,1697343546029,True,True
29748993,9.16000000,51.28000000,49999697,49999697,1697343647087,True,True
29748994,9.16000000,9.28000000,49999698,49999699,1697344357658,False,True
29748995,9.18000000,14.62000000,49999700,49999700,1697344636437,False,True
29748996,9.17000000,24.91000000,49999701,49999703,1697344726127,True,True
29748997,9.17000000,5.46000000,49999704,49999704,1697344760863,True,True
29748998,9.17000000,0.92000000,49999705,49999705,1697344932746,False,True
29748999,9.16000000,2.10000000,49999706,49999706,1697344953298,True,True
29749000,9.16000000,2.10000000,49999707,49999707,1697345010993,True,True
29749001,9.16000000,1.26000000,49999708,49999708,1697345010997,True,True
29749002,9.15000000,1.96000000,49999709,49999709,1697345064072,False,True
29749003,9.15000000,1.96000000,49999710,49999710,1697345300067,True,True
29749004,9.15000000,132.26000000,49999711,49999714,1697345315950,False,True
29749005,9.15000000,65.06000000,49999715,49999718,1697345319158,False,True
29749006,9.16000000,137.00000000,49999719,49999721,1697345319158,False,True
29749007,9.15000000,36.44000000,49999722,49999723,1697345791188,True,True
29749008,9.15000000,1.96000000,49999724,49999724,1697345967762,False,True
29749009,9.15000000,18.88000000,49999725,49999725,1697345983036,True,True
29749010,9.15000000,1.96000000,49999726,49999726,1697346172371,True,True
29749011,9.15000000,1.96000000,49999727,49999727,1697346363314,False,True
29749012,9.15000000,2.12000000,49999728,49999728,1697346501844,True,True
29749013,9.14000000,4.26000000,49999729,49999730,1697346775554,True,True
29749014,9.14000000,8.98000000,49999731,49999732,1697346778215,False,True
29749015,9.14000000,0.64000000,49999733,49999733,1697346778418,False,True
29749016,9.14000000,2.12000000,49999734,49999734,1697347105265,False,True
29749017,9.14000000,2.10000000,49999735,49999735,1697347200376,True,True
29749018,9.14000000,6.99000000,49999736,49999737,1697347233794,True,True
29749019,9.15000000,58.57000000,49999738,49999739,1697347452846,False,True
29749020,9.15000000,6.59000000,49999740,49999741,1697347904543,True,True
29749021,9.14000000,73.40000000,49999742,49999742,1697348249632,True,True
29749022,9.14000000,2.10000000,49999743,49999743,1697348307698,False,True
29749023,9.14000000,0.16000000,49999744,49999744,1697348416248,False,True
29749024,9.15000000,2.26000000,49999745,49999745,1697348461967,True,True
29749025,9.15000000,2.26000000,49999746,49999746,1697348877675,False,True
29749026,9.15000000,2.36000000,49999747,49999747,1697349602231,True,True
29749027,9.15000000,9.02000000,49999748,49999748,1697350596835,True,True
29749028,9.16000000,9.10000000,49999749,49999749,1697350614884,False,True
29749029,9.16000000,2.93000000,49999750,49999750,1697351170541,False,True
29749030,9.15000000,54.83000000,49999751,49999752,1697351320889,True,True
29749031,9.16000000,2.10000000,49999753,49999754,1697351791885,False,True
29749032,9.16000000,1.68000000,49999755,49999755,1697351791889,False,True
29749033,9.16000000,2.13000000,49999756,49999756,1697353590368,True,True
29749034,9.15000000,5.59000000,49999757,49999757,1697353590368,True,True
29749035,9.16000000,58.61000000,49999758,49999758,1697354211883,True,True
29749036,9.16000000,65.81000000,49999759,49999761,1697354211983,True,True
29749037,9.16000000,67.05000000,49999762,49999762,1697354212091,True,True
29749038,9.16000000,4.91000000,49999763,49999765,1697354438300,False,True
29749039,9.16000000,2.13000000,49999766,49999766,1697354901260,False,True
29749040,9.16000000,56.38000000,49999767,49999768,1697355126792,True,True
29749041,9.16000000,107.05000000,49999769,49999769,1697355126796,True,True
29749042,9.16000000,56.38000000,49999770,49999770,1697355126796,True,True
29749043,9.15000000,219.81000000,49999771,49999774,1697355126805,True,True
29749044,9.16000000,558.38000000,49999775,49999778,1697355178857,False,True
29749045,9.16000000,2.13000000,49999779,49999779,1697355246145,True,True
29749046,9.16000000,2.12000000,49999780,49999780,1697355438852,False,True
29749047,9.16000000,2.10000000,49999781,49999781,1697355716838,True,True
29749048,9.16000000,0.02000000,49999782,49999782,1697355742887,True,True
29749049,9.15000000,14.71000000,49999783,49999783,1697355755072,True,True
29749050,9.16000000,30.21000000,49999784,49999785,1697356278308,False,True
29749051,9.16000000,8.20000000,49999786,49999786,1697356300401,True,True
29749052,9.16000000,1.70000000,49999787,49999787,1697356714464,True,True
29749053,9.17000000,761.91000000,49999788,49999799,1697356974767,False,True
29749054,9.17000000,380.95000000,49999800,49999805,1697356981836,False,True
29749055,9.17000000,41.10000000,49999806,49999807,1697357019747,False,True
29749056,9.17000000,8.12000000,49999808,49999808,1697357019756,False,True
29749057,9.17000000,21.57000000,49999809,49999810,1697357019757,False,True
29749058,9.18000000,1.52000000,49999811,49999811,1697357035158,False,True
29749059,9.17000000,3.96000000,49999812,49999813,1697357231486,True,True
29749060,9.17000000,2.10000000,49999814,49999814,1697357321569,False,True
29749061,9.17000000,0.23000000,49999815,49999815,1697357447805,False,True
29749062,9.17000000,2.33000000,49999816,49999816,1697357496998,True,True
29749063,9.16000000,2.33000000,49999817,49999817,1697357497023,True,True
29749064,9.16000000,7.92000000,49999818,49999818,1697358713060,True,True
29749065,9.17000000,7.06000000,49999819,49999819,1697358946572,False,True
29749066,9.17000000,2.33000000,49999820,49999820,1697359452012,False,True
29749067,9.17000000,2.38000000,49999821,49999821,1697359476747,True,True
29749068,9.17000000,3.56000000,49999822,49999822,1697359573222,False,True
29749069,9.16000000,38.57000000,49999823,49999825,1697359713402,True,True
29749070,9.16000000,9.47000000,49999826,49999826,1697359734212,True,True
29749071,9.17000000,1.00000000,49999827,49999827,1697360165868,False,True
29749072,9.16000000,55.20000000,49999828,49999828,1697360372286,True,True
29749073,9.17000000,1.38000000,49999829,49999829,1697360655046,False,True
29749074,9.17000000,10.00000000,49999830,49999831,1697361504809,True,True
29749075,9.15000000,60.59000000,49999832,49999835,1697362115201,True,True
29749076,9.16000000,2.37000000,49999836,49999836,1697362115752,False,True
29749077,9.16000000,2.35000000,49999837,49999837,1697362137032,True,True
29749078,9.16000000,3.51000000,49999838,49999839,1697362148865,True,True
29749079,9.15000000,124.87000000,49999840,49999842,1697362157965,True,True
29749080,9.16000000,548.04000000,49999843,49999845,1697362171712,False,True
29749081,9.17000000,0.76000000,49999846,49999846,1697362171715,False,True
29749082,9.17000000,16.43000000,49999847,49999847,1697362181725,False,True
29749083,9.18000000,5.12000000,49999848,49999850,1697362188328,False,True
29749084,9.19000000,202.31000000,49999851,49999856,1697362199964,False,True
29749085,9.19000000,126.23000000,49999857,49999860,1697362199964,False,True
29749086,9.20000000,37.96000000,49999861,49999864,1697362205838,False,True
29749087,9.20000000,61.64000000,49999865,49999867,1697362206039,False,True
29749088,9.20000000,3.05000000,49999868,49999868,1697362206238,False,True
29749089,9.20000000,4.20000000,49999869,49999869,1697362207027,False,True
29749090,9.20000000,4.20000000,49999870,49999870,1697362207030,False,True
29749091,9.20000000,12.43000000,49999871,49999871,1697362209000,False,True
29749092,9.21000000,1.91000000,49999872,49999872,1697362222800,False,True
29749093,9.21000000,288.18000000,49999873,49999875,1697362244149,True,True
29749094,9.20000000,603.51000000,49999876,49999880,1697362251686,True,True
29749095,9.20000000,2.10000000,49999881,49999881,1697362252539,True,True
29749096,9.20000000,2.10000000,49999882,49999882,1697362252541,True,True
29749097,9.20000000,53.32000000,49999883,49999883,1697362252561,True,True
29749098,9.20000000,336.85000000,49999884,49999890,1697362255746,False,True
29749099,9.20000000,243.58000000,49999891,49999891,1697362255746,False,True
29749100,9.21000000,2159.33000000,49999892,49999913,1697362255746,False,True
29749101,9.22000000,2627.24000000,49999914,49999935,1697362255746,False,True
29749102,9.23000000,336.85000000,49999936,49999945,1697362255746,False,True
29749103,9.22000000,289.23000000,49999946,49999948,1697362255760,False,True
29749104,9.21000000,65.48000000,49999949,49999949,1697362255768,True,True
29749105,9.21000000,65.48000000,49999950,49999950,1697362255768,True,True
29749106,9.21000000,65.48000000,49999951,49999952,1697362255768,True,True
29749107,9.21000000,65.48000000,49999953,49999953,1697362255768,True,True
29749108,9.21000000,65.48000000,49999954,49999955,1697362255769,True,True
29749109,9.21000000,65.48000000,49999956,49999956,1697362255769,True,True
29749110,9.21000000,10.73000000,49999957,49999957,1697362255769,True,True
29749111,9.21000000,4.20000000,49999958,49999958,1697362256544,True,True
29749112,9.21000000,2.92000000,49999959,49999959,1697362256546,True,True
29749113,9.21000000,22.00000000,49999960,49999960,1697362256599,True,True
29749114,9.21000000,57.06000000,49999961,49999961,1697362256653,True,True
29749115,9.21000000,90.29000000,49999962,49999963,1697362257043,True,True
29749116,9.21000000,308.77000000,49999964,49999969,1697362276723,False,True
29749117,9.21000000,308.77000000,49999970,49999972,1697362276724,False,True
29749118,9.21000000,752.61000000,49999973,49999975,1697362276724,False,True
29749119,9.22000000,1024.78000000,49999976,49999983,1697362276734,False,True
29749120,9.21000000,18.90000000,49999984,49999984,1697362276741,True,True
29749121,9.21000000,18.78000000,49999985,49999986,1697362276746,True,True
29749122,9.22000000,18.96000000,49999987,49999987,1697362276752,True,True
29749123,9.22000000,22.00000000,49999988,49999989,1697362276902,True,True
29749124,9.22000000,134.07000000,49999990,49999991,1697362277245,True,True
29749125,9.22000000,202.03000000,49999992,49999992,1697362277419,True,True
29749126,9.22000000,155.53000000,49999993,49999993,1697362277536,True,True
29749127,9.22000000,248.93000000,49999994,49999994,1697362277647,True,True
29749128,9.22000000,248.93000000,49999995,49999995,1697362277647,True,True
29749129,9.22000000,108.63000000,49999996,49999997,1697362277647,True,True
29749130,9.22000000,54.26000000,49999998,49999998,1697362277682,True,True
29749131,9.21000000,57.80000000,49999999,49999999,1697362277964,True,True
29749132,9.21000000,34.69000000,50000000,50000000,1697362277964,True,True
29749133,9.21000000,171.41000000,50000001,50000001,1697362278230,True,True
29749134,9.21000000,8.11000000,50000002,50000002,1697362278232,True,True
29749135,9.21000000,252.75000000,50000003,50000003,1697362278247,True,True
29749136,9.21000000,1.63000000,50000004,50000004,1697362278259,True,True
29749137,9.20000000,1.63000000,50000005,50000006,1697362278268,True,True
29749138,9.19000000,40.50000000,50000007,50000009,1697362311475,True,True
29749139,9.19000000,65.50000000,50000010,50000010,1697362311484,True,True
29749140,9.19000000,7.60000000,50000011,50000011,1697362311492,True,True
29749141,9.20000000,44.09000000,50000012,50000015,1697362324143,False,True
29749142,9.20000000,225.94000000,50000016,50000019,1697362339031,False,True
29749143,9.21000000,0.76000000,50000020,50000020,1697362339033,False,True
29749144,9.21000000,0.76000000,50000021,50000021,1697362339034,False,True
29749145,9.21000000,0.76000000,50000022,50000022,1697362339034,False,True
29749146,9.20000000,22.00000000,50000023,50000023,1697362339366,True,True
29749147,9.20000000,9.00000000,50000024,50000024,1697362339484,True,True
29749148,9.20000000,30.00000000,50000025,50000025,1697362339487,True,True
29749149,9.20000000,15.00000000,50000026,50000026,1697362339491,True,True
29749150,9.20000000,14.01000000,50000027,50000028,1697362339491,True,True
29749151,9.19000000,68.01000000,50000029,50000029,1697362339495,True,True
29749152,9.19000000,49.00000000,50000030,50000030,1697362339555,True,True
29749153,9.19000000,16.90000000,50000031,50000031,1697362339887,True,True
29749154,9.19000000,43.09000000,50000032,50000032,1697362339979,True,True
29749155,9.19000000,25.42000000,50000033,50000033,1697362348189,True,True
29749156,9.18000000,1.26000000,50000034,50000034,1697362355151,True,True
29749157,9.18000000,2.35000000,50000035,50000035,1697362358227,False,True
29749158,9.18000000,2.35000000,50000036,50000036,1697362392135,True,True
29749159,9.18000000,2.35000000,50000037,50000037,1697362443812,False,True
29749160,9.19000000,1.08000000,50000038,50000038,1697362501045,False,True
29749161,9.19000000,2.50000000,50000039,50000039,1697362508077,False,True
29749162,9.18000000,2.35000000,50000040,50000040,1697362540265,True,True
29749163,9.17000000,123.18000000,50000041,50000043,1697362549656,True,True
29749164,9.16000000,165.86000000,50000044,50000049,1697362549661,True,True
29749165,9.16000000,21.79000000,50000050,50000050,1697362549665,True,True
29749166,9.16000000,238.74000000,50000051,50000053,1697362549769,True,True
29749167,9.16000000,143.25000000,50000054,50000055,1697362549769,True,True
29749168,9.16000000,4.06000000,50000056,50000056,1697362549769,True,True
29749169,9.16000000,94.00000000,50000057,50000059,1697362550117,True,True
29749170,9.16000000,14.00000000,50000060,50000060,1697362550124,True,True
29749171,9.16000000,48.27000000,50000061,50000061,1697362557671,True,True
29749172,9.15000000,106.56000000,50000062,50000063,1697362557674,True,True
29749173,9.15000000,21.79000000,50000064,50000064,1697362557680,True,True
29749174,9.15000000,269.93000000,50000065,50000068,1697362557722,True,True
29749175,9.15000000,69.29000000,50000069,50000069,1697362557725,True,True
29749176,9.15000000,275.57000000,50000070,50000070,1697362557746,True,True
29749177,9.15000000,91.69000000,50000071,50000071,1697362557770,True,True
29749178,9.15000000,341.45000000,50000072,50000075,1697362559091,True,True
29749179,9.15000000,1360.72000000,50000076,50000085,1697362587627,True,True
29749180,9.14000000,314.58000000,50000086,50000095,1697362587633,True,True
29749181,9.14000000,21.79000000,50000096,50000096,1697362587636,True,True
29749182,9.14000000,109.10000000,50000097,50000097,1697362587637,True,True
29749183,9.14000000,125.00000000,50000098,50000098,1697362587642,True,True
29749184,9.14000000,140.17000000,50000099,50000099,1697362587645,True,True
29749185,9.14000000,140.17000000,50000100,50000100,1697362587645,True,True
29749186,9.14000000,140.17000000,50000101,50000102,1697362587645,True,True
29749187,9.14000000,386.57000000,50000103,50000104,1697362587646,True,True
29749188,9.14000000,10.98000000,50000105,50000105,1697362587648,True,True
29749189,9.14000000,89.67000000,50000106,50000106,1697362587657,True,True
29749190,9.13000000,169.74000000,50000107,50000112,1697362587657,True,True
29749191,9.14000000,132.47000000,50000113,50000115,1697362588282,False,True
29749192,9.14000000,246.53000000,50000116,50000118,1697362588313,True,True
29749193,9.14000000,136.49000000,50000119,50000120,1697362588368,True,True
29749194,9.14000000,59.82000000,50000121,50000121,1697362588477,True,True
29749195,9.14000000,108.91000000,50000122,50000122,1697362588592,True,True
29749196,9.15000000,155.52000000,50000123,50000124,1697362588601,False,True
29749197,9.15000000,21.82000000,50000125,50000125,1697362588680,False,True
29749198,9.16000000,86.97000000,50000126,50000126,1697362588680,False,True
29749199,9.15000000,2.36000000,50000127,50000127,1697362608155,True,True
29749200,9.14000000,277.55000000,50000128,50000130,1697362615239,True,True
29749201,9.14000000,76.43000000,50000131,50000131,1697362615242,True,True
29749202,9.14000000,45.86000000,50000132,50000133,1697362615243,True,True
29749203,9.14000000,38.00000000,50000134,50000136,1697362615423,True,True
29749204,9.13000000,125.16000000,50000137,50000137,1697362619104,True,True
29749205,9.13000000,7.26000000,50000138,50000140,1697362619246,True,True
29749206,9.13000000,2.83000000,50000141,50000141,1697362619271,True,True
29749207,9.13000000,27.91000000,50000142,50000142,1697362619295,True,True
29749208,9.13000000,37.78000000,50000143,50000143,1697362647083,True,True
29749209,9.13000000,22.30000000,50000144,50000145,1697362647090,True,True
29749210,9.13000000,13.39000000,50000146,50000146,1697362647090,True,True
29749211,9.13000000,276.09000000,50000147,50000148,1697362708668,False,True
29749212,9.14000000,241.75000000,50000149,50000150,1697362778180,False,True
29749213,9.13000000,25.53000000,50000151,50000153,1697363064898,True,True
29749214,9.13000000,29.22000000,50000154,50000155,1697363064914,True,True
29749215,9.13000000,19.89000000,50000156,50000156,1697363064919,True,True
29749216,9.14000000,45.82000000,50000157,50000157,1697363222056,False,True
29749217,9.14000000,204.72000000,50000158,50000158,1697363222060,False,True
29749218,9.14000000,2.36000000,50000159,50000159,1697363256805,False,True
29749219,9.16000000,194.32000000,50000160,50000166,1697363817396,False,True
29749220,9.15000000,1.82000000,50000167,50000167,1697363945600,True,True
29749221,9.14000000,358.10000000,50000168,50000174,1697364172012,True,True
29749222,9.13000000,256.65000000,50000175,50000175,1697364172031,True,True
29749223,9.14000000,124.41000000,50000176,50000177,1697364337252,False,True
29749224,9.14000000,125.00000000,50000178,50000179,1697364632183,False,True
29749225,9.14000000,1.82000000,50000180,50000180,1697364632187,False,True
29749226,9.15000000,343.60000000,50000181,50000184,1697365003735,False,True
29749227,9.15000000,16.39000000,50000185,50000186,1697365732295,False,True
29749228,9.14000000,75.58000000,50000187,50000191,1697366425310,True,True
29749229,9.14000000,32.07000000,50000192,50000192,1697366425351,True,True
29749230,9.15000000,2.25000000,50000193,50000194,1697367247228,False,True
29749231,9.15000000,1.09000000,50000195,50000195,1697367269182,False,True
29749232,9.14000000,51.46000000,50000196,50000201,1697367312672,False,True
29749233,9.14000000,2.88000000,50000202,50000202,1697367383195,False,True
29749234,9.13000000,450.05000000,50000203,50000203,1697367731724,True,True
29749235,9.13000000,240.00000000,50000204,50000207,1697367731734,True,True
29749236,9.13000000,177.45000000,50000208,50000209,1697367731737,True,True
29749237,9.13000000,177.45000000,50000210,50000210,1697367731737,True,True
29749238,9.13000000,177.45000000,50000211,50000211,1697367731737,True,True
29749239,9.13000000,177.45000000,50000212,50000216,1697367731737,True,True
29749240,9.13000000,53.51000000,50000217,50000217,1697367731737,True,True
29749241,9.12000000,11.91000000,50000218,50000222,1697367847333,True,True
29749242,9.12000000,2.10000000,50000223,50000223,1697367849039,True,True
29749243,9.12000000,2.10000000,50000224,50000224,1697367849043,True,True
29749244,9.13000000,8.65000000,50000225,50000225,1697367886330,False,True
29749245,9.12000000,604.91000000,50000226,50000232,1697367928564,True,True
29749246,9.12000000,10.94000000,50000233,50000233,1697367932301,True,True
29749247,9.12000000,15.00000000,50000234,50000235,1697367934289,True,True
29749248,9.12000000,72.27000000,50000236,50000237,1697367995081,True,True
29749249,9.12000000,49.74000000,50000238,50000239,1697367995448,False,True
29749250,9.11000000,2.10000000,50000240,50000241,1697368019044,True,True
29749251,9.12000000,560.64000000,50000242,50000253,1697368238312,False,True
29749252,9.12000000,9.08000000,50000254,50000254,1697368238326,True,True
29749253,9.12000000,1.81000000,50000255,50000255,1697368238330,True,True
29749254,9.12000000,28.47000000,50000256,50000256,1697368238342,True,True
29749255,9.11000000,10.89000000,50000257,50000260,1697368238342,True,True
29749256,9.12000000,1.83000000,50000261,50000261,1697368245748,True,True
29749257,9.12000000,23.68000000,50000262,50000263,1697368279306,False,True
29749258,9.12000000,200.08000000,50000264,50000268,1697368484962,False,True
29749259,9.11000000,46.34000000,50000269,50000269,1697368647688,True,True
29749260,9.11000000,266.99000000,50000270,50000271,1697368647693,True,True
29749261,9.11000000,58.00000000,50000272,50000272,1697368647713,True,True
29749262,9.11000000,220.94000000,50000273,50000275,1697368647746,True,True
29749263,9.11000000,5.56000000,50000276,50000276,1697368647751,True,True
29749264,9.11000000,18.76000000,50000277,50000277,1697368647754,True,True
29749265,9.11000000,254.53000000,50000278,50000279,1697368647880,True,True
29749266,9.11000000,200.61000000,50000280,50000280,1697368647907,True,True
29749267,9.11000000,81.64000000,50000281,50000283,1697368660427,True,True
29749268,9.12000000,558.56000000,50000284,50000294,1697368688613,False,True
29749269,9.12000000,688.01000000,50000295,50000295,1697368688617,True,True
29749270,9.11000000,12.03000000,50000296,50000296,1697368688623,True,True
29749271,9.11000000,13.26000000,50000297,50000300,1697369018482,True,True
29749272,9.12000000,1.14000000,50000301,50000301,1697369035546,False,True
29749273,9.12000000,41.66000000,50000302,50000304,1697369047191,False,True
29749274,9.12000000,5.92000000,50000305,50000306,1697369047195,False,True
29749275,9.12000000,1.83000000,50000307,50000307,1697369102517,True,True
29749276,9.11000000,1.83000000,50000308,50000308,1697369102573,True,True
29749277,9.12000000,211.57000000,50000309,50000312,1697369214381,False,True
29749278,9.12000000,211.57000000,50000313,50000313,1697369595215,False,True
29749279,9.12000000,211.58000000,50000314,50000315,1697369676242,False,True
29749280,9.12000000,25.00000000,50000316,50000316,1697369728824,False,True
29749281,9.12000000,10.00000000,50000317,50000317,1697369973870,False,True
29749282,9.11000000,345.59000000,50000318,50000321,1697370425657,True,True
29749283,9.11000000,70.00000000,50000322,50000324,1697370565882,False,True
29749284,9.11000000,283.35000000,50000325,50000327,1697370825869,False,True
29749285,9.11000000,286.76000000,50000328,50000330,1697370825891,False,True
29749286,9.11000000,290.23000000,50000331,50000332,1697370825913,False,True
29749287,9.11000000,214.20000000,50000333,50000335,1697370825936,False,True
29749288,9.11000000,250.00000000,50000336,50000338,1697370863217,False,True
29749289,9.11000000,36.48000000,50000339,50000340,1697370919025,False,True
29749290,9.11000000,215.57000000,50000341,50000342,1697370919062,True,True
29749291,9.11000000,1.00000000,50000343,50000343,1697370963043,False,True
29749292,9.11000000,7.50000000,50000344,50000345,1697371034521,False,True
29749293,9.11000000,625.19000000,50000346,50000355,1697371150613,True,True
29749294,9.11000000,461.97000000,50000356,50000361,1697371159958,True,True
29749295,9.11000000,6.92000000,50000362,50000362,1697371160053,False,True
29749296,9.11000000,297.85000000,50000363,50000365,1697371167272,True,True
29749297,9.11000000,3.90000000,50000366,50000366,1697371167289,False,True
29749298,9.11000000,1.09000000,50000367,50000367,1697371171152,False,True
29749299,9.11000000,402.55000000,50000368,50000369,1697371193970,False,True
29749300,9.11000000,2.04000000,50000370,50000370,1697371205341,True,True
29749301,9.10000000,19.64000000,50000371,50000378,1697371662374,True,True
29749302,9.11000000,2.36000000,50000379,50000379,1697371737599,False,True
29749303,9.11000000,117.67000000,50000380,50000380,1697371975736,False,True
29749304,9.10000000,346.27000000,50000381,50000386,1697372084653,True,True
29749305,9.10000000,181.24000000,50000387,50000387,1697372084668,False,True
29749306,9.09000000,5.96000000,50000388,50000388,1697372103282,True,True
29749307,9.10000000,45.75000000,50000389,50000390,1697372103299,False,True
29749308,9.10000000,0.93000000,50000391,50000391,1697372105119,False,True
29749309,9.10000000,658.81000000,50000392,50000397,1697372410047,False,True
29749310,9.10000000,55.89000000,50000398,50000398,1697372410053,True,True
29749311,9.10000000,285.30000000,50000399,50000399,1697372410067,True,True
29749312,9.10000000,200.00000000,50000400,50000401,1697372551751,False,True
29749313,9.10000000,500.00000000,50000402,50000405,1697372808657,False,True
29749314,9.10000000,38.70000000,50000406,50000407,1697372815279,False,True
29749315,9.10000000,58.12000000,50000408,50000408,1697372815280,False,True
29749316,9.10000000,183.30000000,50000409,50000409,1697372815292,False,True
29749317,9.10000000,206.77000000,50000410,50000415,1697372865919,True,True
29749318,9.11000000,6.03000000,50000416,50000416,1697373172448,False,True
29749319,9.11000000,39.24000000,50000417,50000417,1697373372705,False,True
29749320,9.11000000,7.45000000,50000418,50000418,1697373379606,False,True
29749321,9.11000000,125.00000000,50000419,50000419,1697373736310,False,True
29749322,9.11000000,2.32000000,50000420,50000420,1697373736389,False,True
29749323,9.11000000,4.76000000,50000421,50000421,1697373780722,True,True
29749324,9.12000000,8.39000000,50000422,50000424,1697374357923,False,True
29749325,9.12000000,2.30000000,50000425,50000425,1697374479704,True,True
29749326,9.10000000,421.95000000,50000426,50000430,1697374807625,True,True
29749327,9.10000000,28.00000000,50000431,50000432,1697374939676,True,True
29749328,9.10000000,45.43000000,50000433,50000433,1697374939685,True,True
29749329,9.09000000,9.00000000,50000434,50000436,1697374939728,True,True
29749330,9.09000000,5.98000000,50000437,50000437,1697374964151,True,True
29749331,9.09000000,11.00000000,50000438,50000438,1697374965558,False,True
29749332,9.09000000,11.00000000,50000439,50000439,1697374967088,False,True
29749333,9.09000000,11.00000000,50000440,50000440,1697374968479,False,True
29749334,9.09000000,1.82000000,50000441,50000441,1697374980084,False,True
29749335,9.09000000,0.48000000,50000442,50000442,1697375009427,False,True
29749336,9.10000000,13.05000000,50000443,50000443,1697375031135,False,True
29749337,9.10000000,13.24000000,50000444,50000444,1697375031300,False,True
29749338,9.10000000,16.54000000,50000445,50000445,1697375031382,False,True
29749339,9.10000000,0.89000000,50000446,50000446,1697375031430,False,True
29749340,9.10000000,12.97000000,50000447,50000447,1697375031449,False,True
29749341,9.10000000,12.96000000,50000448,50000448,1697375031632,False,True
29749342,9.10000000,13.08000000,50000449,50000450,1697375031768,False,True
29749343,9.10000000,36.15000000,50000451,50000451,1697375031774,False,True
29749344,9.10000000,2.31000000,50000452,50000452,1697375105639,True,True
29749345,9.11000000,21.99000000,50000453,50000453,1697375174854,False,True
29749346,9.11000000,26.84000000,50000454,50000455,1697375174925,False,True
29749347,9.11000000,11.00000000,50000456,50000456,1697375174974,False,True
29749348,9.11000000,132.08000000,50000457,50000459,1697375175445,False,True
29749349,9.11000000,90.72000000,50000460,50000461,1697375175940,False,True
29749350,9.11000000,307.64000000,50000462,50000465,1697375226482,False,True
29749351,9.11000000,84.01000000,50000466,50000466,1697375226541,False,True
29749352,9.11000000,16.57000000,50000467,50000468,1697375226581,False,True
29749353,9.11000000,31.63000000,50000469,50000469,1697375226596,False,True
29749354,9.11000000,146.78000000,50000470,50000470,1697375226670,False,True
29749355,9.11000000,7.57000000,50000471,50000471,1697375226690,False,True
29749356,9.11000000,197.17000000,50000472,50000472,1697375226770,False,True
29749357,9.11000000,126.22000000,50000473,50000475,1697375227495,False,True
29749358,9.11000000,0.60000000,50000476,50000476,1697375266743,False,True
29749359,9.11000000,10.98000000,50000477,50000477,1697375370036,False,True
29749360,9.11000000,0.65000000,50000478,50000478,1697375384560,False,True
29749361,9.11000000,337.45000000,50000479,50000482,1697375399498,False,True
29749362,9.11000000,337.45000000,50000483,50000487,1697375399498,False,True
29749363,9.11000000,333.32000000,50000488,50000492,1697375399498,False,True
29749364,9.11000000,337.45000000,50000493,50000494,1697375399498,False,True
29749365,9.11000000,37.27000000,50000495,50000495,1697375399498,False,True
29749366,9.11000000,10.97000000,50000496,50000496,1697375399610,True,True
29749367,9.11000000,10.97000000,50000497,50000497,1697375400418,True,True
29749368,9.11000000,2.30000000,50000498,50000498,1697375400524,True,True
29749369,9.11000000,10.97000000,50000499,50000500,1697375441112,False,True
29749370,9.11000000,166.07000000,50000501,50000501,1697375441945,False,True
29749371,9.11000000,99.65000000,50000502,50000502,1697375441945,False,True
29749372,9.12000000,1335.85000000,50000503,50000512,1697375444516,False,True
29749373,9.12000000,53.78000000,50000513,50000514,1697375446317,False,True
29749374,9.12000000,51.99000000,50000515,50000516,1697375446318,False,True
29749375,9.11000000,2.30000000,50000517,50000517,1697375478787,True,True
29749376,9.11000000,39.97000000,50000518,50000521,1697375541062,False,True
29749377,9.11000000,23.99000000,50000522,50000522,1697375541063,False,True
29749378,9.11000000,2.30000000,50000523,50000523,1697375610320,True,True
29749379,9.11000000,2.30000000,50000524,50000524,1697375645804,False,True
29749380,9.12000000,21.99000000,50000525,50000525,1697375961734,False,True
29749381,9.12000000,8.93000000,50000526,50000526,1697375962129,False,True
29749382,9.12000000,2.30000000,50000527,50000527,1697375964127,True,True
29749383,9.13000000,13.21000000,50000528,50000528,1697375997449,False,True
29749384,9.13000000,125.00000000,50000529,50000535,1697376004914,False,True
29749385,9.13000000,33.15000000,50000536,50000536,1697376004919,False,True
29749386,9.13000000,19.51000000,50000537,50000537,1697376004919,False,True
29749387,9.13000000,3.46000000,50000538,50000538,1697376004920,False,True
29749388,9.13000000,1.53000000,50000539,50000539,1697376011421,False,True
29749389,9.13000000,62.05000000,50000540,50000542,1697376022177,False,True
29749390,9.13000000,107.87000000,50000543,50000544,1697376025336,True,True
29749391,9.13000000,37.81000000,50000545,50000546,1697376025339,True,True
29749392,9.13000000,36.03000000,50000547,50000548,1697376067222,False,True
29749393,9.13000000,2.30000000,50000549,50000549,1697376072081,True,True
29749394,9.12000000,36.04000000,50000550,50000551,1697376176657,False,True
29749395,9.12000000,2.39000000,50000552,50000553,1697376223211,True,True
29749396,9.13000000,257.06000000,50000554,50000554,1697376248316,False,True
29749397,9.13000000,257.06000000,50000555,50000562,1697376248316,False,True
29749398,9.13000000,257.06000000,50000563,50000564,1697376248316,False,True
29749399,9.13000000,257.06000000,50000565,50000567,1697376248316,False,True
29749400,9.13000000,241.34000000,50000568,50000568,1697376248317,False,True
29749401,9.13000000,241.34000000,50000569,50000569,1697376248317,False,True
29749402,9.13000000,241.34000000,50000570,50000570,1697376248317,False,True
29749403,9.13000000,241.34000000,50000571,50000573,1697376248317,False,True
29749404,9.13000000,67.95000000,50000574,50000574,1697376248387,False,True
29749405,9.13000000,67.95000000,50000575,50000575,1697376248387,False,True
29749406,9.13000000,67.95000000,50000576,50000576,1697376248387,False,True
29749407,9.13000000,67.95000000,50000577,50000577,1697376248387,False,True
29749408,9.13000000,67.95000000,50000578,50000579,1697376248391,False,True
29749409,9.13000000,67.95000000,50000580,50000580,1697376248391,False,True
29749410,9.13000000,67.95000000,50000581,50000581,1697376248391,False,True
29749411,9.13000000,67.95000000,50000582,50000582,1697376248391,False,True
29749412,9.14000000,136.55000000,50000583,50000587,1697376248560,False,True
29749413,9.14000000,278.30000000,50000588,50000590,1697376248632,False,True
29749414,9.14000000,49.67000000,50000591,50000591,1697376248661,False,True
29749415,9.13000000,89.40000000,50000592,50000592,1697376248925,False,True
29749416,9.13000000,2.04000000,50000593,50000593,1697376283235,True,True
29749417,9.13000000,2.04000000,50000594,50000594,1697376297532,False,True
29749418,9.14000000,171.50000000,50000595,50000599,1697376318983,False,True
29749419,9.14000000,99.66000000,50000600,50000601,1697376333204,False,True
29749420,9.14000000,13.25000000,50000602,50000602,1697376333210,False,True
29749421,9.14000000,21.87000000,50000603,50000603,1697376333270,False,True
29749422,9.14000000,13.27000000,50000604,50000604,1697376333273,False,True
29749423,9.14000000,21.87000000,50000605,50000605,1697376333273,False,True
29749424,9.14000000,111.50000000,50000606,50000607,1697376333302,False,True
29749425,9.14000000,33.74000000,50000608,50000608,1697376333629,False,True
29749426,9.15000000,171.50000000,50000609,50000615,1697376370881,False,True
29749427,9.15000000,13.03000000,50000616,50000616,1697376370893,False,True
29749428,9.15000000,13.12000000,50000617,50000617,1697376370947,False,True
29749429,9.15000000,873.63000000,50000618,50000620,1697376370986,False,True
29749430,9.15000000,13.04000000,50000621,50000621,1697376370986,False,True
29749431,9.15000000,108.06000000,50000622,50000622,1697376371015,False,True
29749432,9.15000000,13.16000000,50000623,50000623,1697376371044,False,True
29749433,9.15000000,13.45000000,50000624,50000624,1697376371111,False,True
29749434,9.15000000,4.90000000,50000625,50000625,1697376372110,False,True
29749435,9.15000000,1121.55000000,50000626,50000630,1697376374263,False,True
29749436,9.15000000,2.04000000,50000631,50000631,1697376397473,True,True
29749437,9.14000000,54.35000000,50000632,50000632,1697376397473,True,True
29749438,9.15000000,2.04000000,50000633,50000633,1697376452366,False,True
29749439,9.16000000,13.28000000,50000634,50000637,1697376474059,False,True
29749440,9.16000000,13.17000000,50000638,50000638,1697376474131,False,True
29749441,9.16000000,2.12000000,50000639,50000640,1697376474274,False,True
29749442,9.16000000,5.45000000,50000641,50000643,1697376474508,False,True
29749443,9.16000000,18.76000000,50000644,50000644,1697376476734,False,True
29749444,9.17000000,140.02000000,50000645,50000647,1697376476734,False,True
29749445,9.17000000,68.31000000,50000648,50000648,1697376476852,False,True
29749446,9.17000000,72.03000000,50000649,50000649,1697376476940,False,True
29749447,9.17000000,67.38000000,50000650,50000652,1697376477139,False,True
29749448,9.17000000,130.50000000,50000653,50000654,1697376477252,False,True
29749449,9.17000000,94.62000000,50000655,50000655,1697376477475,False,True
29749450,9.16000000,22.00000000,50000656,50000657,1697376479077,True,True
29749451,9.16000000,35.78000000,50000658,50000659,1697376485421,False,True
29749452,9.16000000,2.04000000,50000660,50000660,1697376510996,True,True
29749453,9.16000000,23.87000000,50000661,50000662,1697376512847,False,True
29749454,9.16000000,167.20000000,50000663,50000663,1697376538947,True,True
29749455,9.16000000,43.84000000,50000664,50000664,1697376538950,True,True
29749456,9.16000000,222.99000000,50000665,50000666,1697376538951,True,True
29749457,9.16000000,3.28000000,50000667,50000667,1697376544738,False,True
29749458,9.16000000,2.04000000,50000668,50000668,1697376622051,False,True
29749459,9.16000000,16.44000000,50000669,50000669,1697376629434,True,True
29749460,9.16000000,5.32000000,50000670,50000671,1697376679285,True,True
29749461,9.15000000,776.88000000,50000672,50000683,1697376730430,True,True
29749462,9.14000000,30.93000000,50000684,50000685,1697376812143,True,True
29749463,9.14000000,1.42000000,50000686,50000686,1697376907335,True,True
29749464,9.13000000,1.24000000,50000687,50000688,1697376980721,True,True
29749465,9.12000000,37.59000000,50000689,50000690,1697377488209,True,True
29749466,9.11000000,11.00000000,50000691,50000691,1697377592464,True,True
29749467,9.10000000,11.22000000,50000692,50000696,1697377625247,True,True
29749468,9.10000000,66.98000000,50000697,50000698,1697377625251,True,True
29749469,9.10000000,53.10000000,50000699,50000699,1697377642607,True,True
29749470,9.10000000,6.00000000,50000700,50000700,1697377642607,True,True
29749471,9.10000000,33.74000000,50000701,50000701,1697377645184,False,True
29749472,9.10000000,34.85000000,50000702,50000704,1697377657495,False,True
29749473,9.10000000,213.08000000,50000705,50000705,1697377664606,False,True
29749474,9.10000000,2.00000000,50000706,50000706,1697377828734,True,True
29749475,9.10000000,35.74000000,50000707,50000708,1697377855511,False,True
29749476,9.10000000,38.61000000,50000709,50000710,1697377856041,True,True
29749477,9.09000000,47.96000000,50000711,50000714,1697377913882,True,True
29749478,9.08000000,322.47000000,50000715,50000729,1697377918032,True,True
29749479,9.08000000,34.43000000,50000730,50000731,1697377924397,False,True
29749480,9.08000000,35.74000000,50000732,50000733,1697377924406,False,True
29749481,9.09000000,212.29000000,50000734,50000734,1697378105872,False,True
29749482,9.09000000,120.40000000,50000735,50000737,1697378450110,False,True
29749483,9.09000000,29.99000000,50000738,50000738,1697378450113,False,True
29749484,9.09000000,89.61000000,50000739,50000739,1697378450114,False,True
29749485,9.09000000,57.05000000,50000740,50000740,1697378450114,False,True
29749486,9.09000000,133.25000000,50000741,50000742,1697378478123,True,True
29749487,9.09000000,6.75000000,50000743,50000743,1697378478124,True,True
29749488,9.09000000,14.29000000,50000744,50000744,1697378478124,True,True
29749489,9.10000000,538.00000000,50000745,50000750,1697378723954,False,True
29749490,9.10000000,0.56000000,50000751,50000751,1697378729709,True,True
29749491,9.10000000,1.44000000,50000752,50000752,1697378729713,True,True
29749492,9.10000000,72.30000000,50000753,50000753,1697378819987,False,True
29749493,9.09000000,100.45000000,50000754,50000758,1697378847610,True,True
29749494,9.10000000,215.36000000,50000759,50000761,1697378891736,False,True
29749495,9.11000000,438.65000000,50000762,50000764,1697379058635,False,True
29749496,9.11000000,58.33000000,50000765,50000768,1697379417294,True,True
29749497,9.11000000,16.45000000,50000769,50000772,1697379508472,True,True
29749498,9.12000000,98.83000000,50000773,50000777,1697379892101,False,True
29749499,9.12000000,41.09000000,50000778,50000778,1697379893560,False,True
29749500,9.12000000,86.09000000,50000779,50000779,1697379893560,False,True
29749501,9.12000000,68.54000000,50000780,50000780,1697379893566,False,True
29749502,9.13000000,1.53000000,50000781,50000783,1697379917806,False,True
29749503,9.13000000,11.71000000,50000784,50000784,1697379968207,False,True
29749504,9.13000000,106.86000000,50000785,50000786,1697380006012,True,True
29749505,9.13000000,20.15000000,50000787,50000787,1697380006014,True,True
29749506,9.12000000,111.04000000,50000788,50000789,1697380161936,True,True
29749507,9.12000000,776.88000000,50000790,50000798,1697380257239,True,True
29749508,9.12000000,542.42000000,50000799,50000800,1697380429176,True,True
29749509,9.12000000,11.60000000,50000801,50000801,1697380565034,True,True
29749510,9.12000000,22.92000000,50000802,50000802,1697380565037,True,True
29749511,9.12000000,7.76000000,50000803,50000803,1697380565039,True,True
29749512,9.13000000,58.68000000,50000804,50000806,1697381732262,False,True
29749513,9.12000000,61.86000000,50000807,50000810,1697381888599,True,True
29749514,9.12000000,120.85000000,50000811,50000811,1697381888599,True,True
29749515,9.12000000,10.04000000,50000812,50000812,1697381888600,True,True
29749516,9.12000000,5.82000000,50000813,50000813,1697381888601,True,True
29749517,9.12000000,2.25000000,50000814,50000814,1697381888652,True,True
29749518,9.11000000,4.42000000,50000815,50000815,1697382734163,False,True
29749519,9.12000000,10.11000000,50000816,50000816,1697383007226,False,True
29749520,9.12000000,128.31000000,50000817,50000817,1697383109083,False,True
29749521,9.12000000,1.97000000,50000818,50000818,1697383109086,False,True
29749522,9.12000000,464.26000000,50000819,50000822,1697383109096,False,True
29749523,9.13000000,125.00000000,50000823,50000824,1697383198054,False,True
29749524,9.13000000,240.11000000,50000825,50000826,1697383198103,False,True
29749525,9.13000000,2.29000000,50000827,50000827,1697383255986,True,True
29749526,9.13000000,2.10000000,50000828,50000828,1697383439509,False,True
29749527,9.13000000,0.27000000,50000829,50000829,1697383439511,False,True
29749528,9.13000000,1.08000000,50000830,50000830,1697383485443,True,True
29749529,9.13000000,49.05000000,50000831,50000832,1697383927720,True,True
29749530,9.13000000,5.41000000,50000833,50000833,1697383927721,True,True
29749531,9.13000000,15.01000000,50000834,50000834,1697383927721,True,True
29749532,9.13000000,26.99000000,50000835,50000835,1697383927723,True,True
29749533,9.13000000,14.54000000,50000836,50000837,1697384108702,False,True
29749534,9.13000000,2.10000000,50000838,50000838,1697384111435,True,True
29749535,9.13000000,0.26000000,50000839,50000839,1697384111493,True,True
29749536,9.13000000,86.10000000,50000840,50000841,1697384196040,False,True
29749537,9.14000000,46.08000000,50000842,50000846,1697384568267,False,True
29749538,9.14000000,323.47000000,50000847,50000847,1697384570864,False,True
29749539,9.14000000,104.90000000,50000848,50000850,1697384578564,True,True
29749540,9.14000000,20.56000000,50000851,50000852,1697384787204,True,True
29749541,9.14000000,7.73000000,50000853,50000853,1697384787205,True,True
29749542,9.14000000,24.22000000,50000854,50000854,1697384787206,True,True
29749543,9.14000000,36.35000000,50000855,50000855,1697384787211,True,True
29749544,9.13000000,3.38000000,50000856,50000856,1697384886627,True,True
29749545,9.13000000,9.30000000,50000857,50000857,1697385054409,False,True
29749546,9.13000000,2.46000000,50000858,50000858,1697385434085,False,True
29749547,9.13000000,2.59000000,50000859,50000859,1697385600091,True,True
29749548,9.12000000,29.32000000,50000860,50000863,1697385856152,True,True
29749549,9.12000000,16.56000000,50000864,50000864,1697385895105,True,True
29749550,9.12000000,17.97000000,50000865,50000866,1697385908463,True,True
29749551,9.11000000,3.00000000,50000867,50000867,1697386147558,True,True
29749552,9.11000000,114.59000000,50000868,50000868,1697386284493,False,True
29749553,9.11000000,26.99000000,50000869,50000869,1697386284496,False,True
29749554,9.11000000,85.61000000,50000870,50000870,1697386284500,False,True
29749555,9.11000000,10.21000000,50000871,50000871,1697386284937,False,True
29749556,9.11000000,21.36000000,50000872,50000873,1697386298422,False,True
29749557,9.11000000,21.39000000,50000874,50000875,1697386301176,True,True
29749558,9.11000000,4.40000000,50000876,50000877,1697386365715,True,True
29749559,9.11000000,11.79000000,50000878,50000878,1697386368308,False,True
29749560,9.10000000,127.20000000,50000879,50000888,1697386750555,True,True
29749561,9.09000000,0.94000000,50000889,50000889,1697386878953,True,True
29749562,9.10000000,11.68000000,50000890,50000891,1697386981679,False,True
29749563,9.12000000,1.43000000,50000892,50000892,1697387769081,False,True
29749564,9.12000000,4.52000000,50000893,50000893,1697387931564,True,True
29749565,9.12000000,33.22000000,50000894,50000895,1697387950190,True,True
29749566,9.12000000,172.51000000,50000896,50000898,1697388107333,True,True
29749567,9.12000000,59.88000000,50000899,50000899,1697388182680,True,True
29749568,9.12000000,55.85000000,50000900,50000900,1697388182689,True,True
29749569,9.11000000,10.00000000,50000901,50000902,1697388221196,True,True
29749570,9.12000000,2.57000000,50000903,50000903,1697388236434,False,True
29749571,9.12000000,330.72000000,50000904,50000909,1697388357498,True,True
29749572,9.12000000,2.56000000,50000910,50000910,1697388435745,False,True
29749573,9.13000000,22.00000000,50000911,50000914,1697388634704,False,True
29749574,9.13000000,12.36000000,50000915,50000915,1697388634708,False,True
29749575,9.13000000,26.16000000,50000916,50000916,1697388634712,False,True
29749576,9.13000000,24.72000000,50000917,50000917,1697388665926,False,True
29749577,9.14000000,7.28000000,50000918,50000918,1697388803312,False,True
29749578,9.14000000,2052.09000000,50000919,50000938,1697389081917,False,True
29749579,9.14000000,344.59000000,50000939,50000939,1697389081920,True,True
29749580,9.14000000,2.54000000,50000940,50000940,1697389081931,True,True
29749581,9.14000000,18.82000000,50000941,50000941,1697389263826,False,True
29749582,9.14000000,1.60000000,50000942,50000942,1697389724325,False,True
29749583,9.14000000,28.11000000,50000943,50000944,1697389725006,False,True
29749584,9.14000000,140.50000000,50000945,50000946,1697389790588,True,True
29749585,9.14000000,12.20000000,50000947,50000947,1697389804320,True,True
29749586,9.15000000,199.37000000,50000948,50000948,1697389864847,False,True
29749587,9.15000000,67.83000000,50000949,50000951,1697389864857,False,True
29749588,9.15000000,67.83000000,50000952,50000953,1697389864857,False,True
29749589,9.15000000,67.83000000,50000954,50000954,1697389864857,False,True
29749590,9.15000000,63.70000000,50000955,50000955,1697389864857,False,True
29749591,9.16000000,10.91000000,50000956,50000960,1697389999425,False,True
29749592,9.15000000,286.80000000,50000961,50000963,1697390013051,True,True
29749593,9.15000000,276.09000000,50000964,50000965,1697390016525,True,True
29749594,9.14000000,273.19000000,50000966,50000972,1697390016525,True,True
29749595,9.15000000,273.19000000,50000973,50000973,1697390024353,True,True
29749596,9.15000000,119.52000000,50000974,50000974,1697390032350,True,True
29749597,9.14000000,2.40000000,50000975,50000975,1697390179386,True,True
29749598,9.15000000,60.64000000,50000976,50000977,1697390219457,False,True
29749599,9.15000000,59.84000000,50000978,50000979,1697390219566,False,True
29749600,9.15000000,46.29000000,50000980,50000981,1697390704107,True,True
29749601,9.15000000,5.72000000,50000982,50000982,1697390723541,True,True
29749602,9.15000000,24.56000000,50000983,50000984,1697390841030,False,True
29749603,9.16000000,62.71000000,50000985,50000987,1697391037130,False,True
29749604,9.15000000,23.25000000,50000988,50000990,1697391138046,True,True
29749605,9.15000000,20.50000000,50000991,50000992,1697391176480,True,True
29749606,9.15000000,51.59000000,50000993,50000993,1697391176483,True,True
29749607,9.15000000,205.98000000,50000994,50000994,1697391176492,True,True
29749608,9.16000000,3.71000000,50000995,50000996,1697391507221,False,True
29749609,9.16000000,17.31000000,50000997,50000997,1697391517597,False,True
29749610,9.16000000,22.00000000,50000998,50000998,1697391517608,False,True
29749611,9.16000000,2.10000000,50000999,50000999,1697391517611,False,True
29749612,9.16000000,48.05000000,50001000,50001000,1697391517611,False,True
29749613,9.16000000,232.58000000,50001001,50001001,1697391517613,False,True
29749614,9.16000000,32.76000000,50001002,50001002,1697391517617,False,True
29749615,9.16000000,91.07000000,50001003,50001003,1697391517617,False,True
29749616,9.16000000,24.36000000,50001004,50001004,1697391517668,False,True
29749617,9.16000000,53.80000000,50001005,50001005,1697391517671,False,True
29749618,9.16000000,27.72000000,50001006,50001006,1697391517673,False,True
29749619,9.16000000,9.09000000,50001007,50001007,1697391517682,False,True
29749620,9.16000000,29.98000000,50001008,50001008,1697391517682,False,True
29749621,9.16000000,45.11000000,50001009,50001009,1697391517689,False,True
29749622,9.16000000,2.41000000,50001010,50001010,1697391517692,False,True
29749623,9.16000000,23.08000000,50001011,50001011,1697391517734,False,True
29749624,9.16000000,19.22000000,50001012,50001012,1697391517747,False,True
29749625,9.16000000,48.28000000,50001013,50001013,1697391517763,False,True
29749626,9.16000000,27.31000000,50001014,50001014,1697391517766,False,True
29749627,9.16000000,5.61000000,50001015,50001015,1697391517770,False,True
29749628,9.16000000,2.50000000,50001016,50001016,1697391517770,False,True
29749629,9.16000000,30.77000000,50001017,50001017,1697391517770,False,True
29749630,9.16000000,2.10000000,50001018,50001018,1697391520028,False,True
29749631,9.16000000,22.00000000,50001019,50001019,1697391520030,False,True
29749632,9.16000000,2.10000000,50001020,50001020,1697391520031,False,True
29749633,9.16000000,113.91000000,50001021,50001021,1697391520679,False,True
29749634,9.16000000,12.20000000,50001022,50001022,1697391525065,False,True
29749635,9.16000000,2.10000000,50001023,50001023,1697391525083,False,True
29749636,9.16000000,22.00000000,50001024,50001024,1697391525085,False,True
29749637,9.16000000,2.10000000,50001025,50001025,1697391525086,False,True
29749638,9.16000000,17.57000000,50001026,50001026,1697391525091,False,True
29749639,9.16000000,26.32000000,50001027,50001027,1697391525333,False,True
29749640,9.16000000,18.11000000,50001028,50001028,1697391525337,False,True
29749641,9.16000000,28.62000000,50001029,50001029,1697391525376,False,True
29749642,9.16000000,50.09000000,50001030,50001030,1697391525417,False,True
29749643,9.16000000,122.16000000,50001031,50001033,1697391555157,False,True
29749644,9.16000000,1.63000000,50001034,50001034,1697391571218,True,True
29749645,9.16000000,1.63000000,50001035,50001035,1697391573223,True,True
29749646,9.16000000,235.14000000,50001036,50001038,1697391679893,True,True
29749647,9.16000000,4.86000000,50001039,50001039,1697391679894,True,True
29749648,9.16000000,3.62000000,50001040,50001040,1697391679900,True,True
29749649,9.16000000,54.58000000,50001041,50001043,1697391814746,False,True
29749650,9.16000000,12.48000000,50001044,50001044,1697391836829,False,True
29749651,9.16000000,2.10000000,50001045,50001045,1697391977781,True,True
29749652,9.16000000,0.55000000,50001046,50001046,1697391977783,True,True
29749653,9.16000000,2.00000000,50001047,50001047,1697392165775,False,True
29749654,9.15000000,1.63000000,50001048,50001048,1697392235444,True,True
29749655,9.15000000,355.23000000,50001049,50001051,1697392286125,True,True
29749656,9.15000000,56.56000000,50001052,50001052,1697392323024,False,True
29749657,9.15000000,56.01000000,50001053,50001053,1697392323206,False,True
29749658,9.15000000,34.85000000,50001054,50001055,1697392323356,False,True
29749659,9.15000000,0.65000000,50001056,50001056,1697392391294,True,True
29749660,9.16000000,22.22000000,50001057,50001057,1697392485057,False,True
29749661,9.17000000,3.92000000,50001058,50001058,1697392836870,False,True
29749662,9.17000000,56.20000000,50001059,50001061,1697392873331,False,True
29749663,9.17000000,113.87000000,50001062,50001064,1697392929767,False,True
29749664,9.17000000,41.84000000,50001065,50001065,1697392929924,False,True
29749665,9.17000000,30.49000000,50001066,50001066,1697392929933,False,True
29749666,9.17000000,17.26000000,50001067,50001067,1697392929935,False,True
29749667,9.17000000,22.00000000,50001068,50001068,1697392932803,False,True
29749668,9.17000000,53.47000000,50001069,50001069,1697392932808,False,True
29749669,9.17000000,22.00000000,50001070,50001070,1697392932808,False,True
29749670,9.17000000,302.99000000,50001071,50001071,1697392934498,False,True
29749671,9.17000000,5.39000000,50001072,50001073,1697393023418,True,True
29749672,9.16000000,2.72000000,50001074,50001074,1697393308617,True,True
29749673,9.16000000,2.76000000,50001075,50001075,1697393796949,False,True
29749674,9.16000000,1.65000000,50001076,50001076,1697393801003,True,True
29749675,9.17000000,0.70000000,50001077,50001077,1697394002310,False,True
29749676,9.16000000,1.30000000,50001078,50001078,1697394081578,True,True
29749677,9.16000000,36.45000000,50001079,50001081,1697394354907,True,True
29749678,9.17000000,2.74000000,50001082,50001083,1697394822601,False,True
29749679,9.17000000,67.68000000,50001084,50001086,1697394886605,True,True
29749680,9.17000000,2.70000000,50001087,50001087,1697394893931,True,True
29749681,9.17000000,2.70000000,50001088,50001088,1697394916733,False,True
29749682,9.18000000,31.20000000,50001089,50001092,1697394918634,False,True
29749683,9.18000000,2.70000000,50001093,50001093,1697394935810,True,True
29749684,9.17000000,10.73000000,50001094,50001096,1697394957739,True,True
29749685,9.18000000,32.78000000,50001097,50001098,1697394967875,False,True
29749686,9.19000000,113.00000000,50001099,50001108,1697395104204,False,True
29749687,9.18000000,46.93000000,50001109,50001110,1697395106510,True,True
29749688,9.18000000,242.79000000,50001111,50001112,1697395106516,True,True
29749689,9.18000000,125.00000000,50001113,50001114,1697395166537,False,True
29749690,9.18000000,2.10000000,50001115,50001115,1697395195566,True,True
29749691,9.18000000,0.60000000,50001116,50001116,1697395195569,True,True
29749692,9.18000000,2.70000000,50001117,50001117,1697395243076,False,True
29749693,9.19000000,19.75000000,50001118,50001118,1697395640269,False,True
29749694,9.19000000,8.51000000,50001119,50001119,1697395641065,False,True
29749695,9.19000000,2.68000000,50001120,50001120,1697395668877,True,True
29749696,9.19000000,3.68000000,50001121,50001122,1697395726456,False,True
29749697,9.19000000,2.10000000,50001123,50001123,1697396014838,True,True
29749698,9.19000000,2.10000000,50001124,50001125,1697396014915,True,True
29749699,9.19000000,10.23000000,50001126,50001126,1697396014919,True,True
29749700,9.19000000,7.77000000,50001127,50001127,1697396015411,True,True
29749701,9.18000000,965.94000000,50001128,50001138,1697396037783,True,True
29749702,9.19000000,3.68000000,50001139,50001140,1697396374780,False,True
29749703,9.19000000,32.25000000,50001141,50001142,1697396489996,True,True
29749704,9.19000000,185.40000000,50001143,50001143,1697396489998,True,True
29749705,9.19000000,89.36000000,50001144,50001144,1697396489998,True,True
29749706,9.19000000,21.89000000,50001145,50001145,1697396489998,True,True
29749707,9.18000000,1.45000000,50001146,50001146,1697396523618,True,True
29749708,9.18000000,1.45000000,50001147,50001147,1697396660913,True,True
29749709,9.19000000,7.51000000,50001148,50001148,1697396768785,False,True
29749710,9.19000000,2.46000000,50001149,50001149,1697396857225,False,True
29749711,9.19000000,1.46000000,50001150,50001150,1697396888495,True,True
29749712,9.20000000,21.73000000,50001151,50001155,1697396987814,False,True
29749713,9.19000000,2.10000000,50001156,50001156,1697396990194,True,True
29749714,9.19000000,0.14000000,50001157,50001157,1697396990197,True,True
29749715,9.18000000,279.81000000,50001158,50001160,1697397130581,True,True
29749716,9.18000000,7.96000000,50001161,50001161,1697397130585,False,True
29749717,9.18000000,67.39000000,50001162,50001162,1697397130609,False,True
29749718,9.18000000,3.19000000,50001163,50001163,1697397147635,False,True
29749719,9.18000000,87.69000000,50001164,50001164,1697397147663,False,True
29749720,9.18000000,56.20000000,50001165,50001166,1697397147720,False,True
29749721,9.19000000,135.37000000,50001167,50001168,1697397148220,False,True
29749722,9.19000000,135.38000000,50001169,50001173,1697397247529,False,True
29749723,9.18000000,10.65000000,50001174,50001175,1697397564289,True,True
29749724,9.18000000,86.32000000,50001176,50001179,1697397677994,False,True
29749725,9.17000000,22.65000000,50001180,50001182,1697397750521,True,True
29749726,9.17000000,2.32000000,50001183,50001183,1697397774575,False,True
29749727,9.18000000,1268.80000000,50001184,50001190,1697397936713,False,True
29749728,9.17000000,288.45000000,50001191,50001193,1697397988018,True,True
29749729,9.17000000,17.15000000,50001194,50001194,1697398099418,False,True
29749730,9.17000000,1.09000000,50001195,50001195,1697398299977,False,True
29749731,9.16000000,5.19000000,50001196,50001199,1697398449080,True,True
29749732,9.16000000,9.25000000,50001200,50001201,1697398785847,False,True
29749733,9.16000000,2.41000000,50001202,50001202,1697399105094,True,True
29749734,9.16000000,1.64000000,50001203,50001203,1697399275563,False,True
29749735,9.15000000,7.51000000,50001204,50001204,1697399361349,True,True
29749736,9.16000000,0.87000000,50001205,50001205,1697399418546,False,True
29749737,9.16000000,2.18000000,50001206,50001206,1697399477664,False,True
29749738,9.16000000,11.56000000,50001207,50001208,1697399505897,False,True
29749739,9.15000000,15.36000000,50001209,50001209,1697399608277,True,True
29749740,9.16000000,1.09000000,50001210,50001210,1697399683729,False,True
29749741,9.16000000,9.82000000,50001211,50001212,1697399988751,False,True
29749742,9.16000000,9.82000000,50001213,50001213,1697399988751,False,True
29749743,9.16000000,9.82000000,50001214,50001214,1697399988751,False,True
29749744,9.16000000,99.08000000,50001215,50001215,1697399988756,False,True
29749745,9.16000000,59.95000000,50001216,50001216,1697399988756,False,True
29749746,9.16000000,4.22000000,50001217,50001217,1697399988758,False,True
29749747,9.16000000,2.03000000,50001218,50001218,1697399988758,False,True
29749748,9.16000000,80.57000000,50001219,50001219,1697399988759,False,True
29749749,9.16000000,0.78000000,50001220,50001220,1697400362427,True,True
29749750,9.17000000,241.43000000,50001221,50001224,1697400790965,False,True
29749751,9.16000000,9.81000000,50001225,50001226,1697400797586,True,True
29749752,9.16000000,9.81000000,50001227,50001227,1697400797587,True,True
29749753,9.16000000,9.81000000,50001228,50001228,1697400797587,True,True
29749754,9.16000000,107.59000000,50001229,50001229,1697400797590,True,True
29749755,9.16000000,31.07000000,50001230,50001230,1697400797590,True,True
29749756,9.16000000,27.75000000,50001231,50001231,1697400797590,True,True
29749757,9.16000000,9.81000000,50001232,50001233,1697400878247,False,True
29749758,9.16000000,9.81000000,50001234,50001234,1697400878247,False,True
29749759,9.16000000,9.81000000,50001235,50001237,1697400878247,False,True
29749760,9.16000000,20.48000000,50001238,50001238,1697400895262,True,True
29749761,9.16000000,9.81000000,50001239,50001240,1697400906179,True,True
29749762,9.16000000,9.81000000,50001241,50001241,1697400906179,True,True
29749763,9.16000000,9.81000000,50001242,50001242,1697400906179,True,True
29749764,9.16000000,21.28000000,50001243,50001244,1697401715455,False,True
29749765,9.17000000,54.94000000,50001245,50001246,1697401823697,False,True
29749766,9.17000000,1.59000000,50001247,50001247,1697401824357,False,True
29749767,9.17000000,2.38000000,50001248,50001248,1697401851479,True,True
29749768,9.17000000,2.38000000,50001249,50001249,1697401855458,False,True
29749769,9.17000000,5.10000000,50001250,50001251,1697401907235,True,True
29749770,9.16000000,21.14000000,50001252,50001252,1697401907235,True,True
29749771,9.17000000,4.72000000,50001253,50001253,1697402046622,False,True
29749772,9.16000000,10.92000000,50001254,50001255,1697402128008,True,True
29749773,9.17000000,32.71000000,50001256,50001259,1697402277913,False,True
29749774,9.17000000,402.09000000,50001260,50001264,1697402297461,False,True
29749775,9.17000000,198.52000000,50001265,50001267,1697402297461,False,True
29749776,9.17000000,2.82000000,50001268,50001268,1697402297472,False,True
29749777,9.18000000,104.24000000,50001269,50001271,1697402499043,False,True
29749778,9.19000000,24.11000000,50001272,50001274,1697402501454,False,True
29749779,9.20000000,1.41000000,50001275,50001275,1697402503121,False,True
29749780,9.21000000,82.18000000,50001276,50001276,1697402505304,False,True
29749781,9.21000000,5.26000000,50001277,50001277,1697402505314,False,True
29749782,9.21000000,25.82000000,50001278,50001278,1697402505345,False,True
29749783,9.21000000,4.79000000,50001279,50001279,1697402505369,False,True
29749784,9.21000000,10.86000000,50001280,50001280,1697402505406,False,True
29749785,9.20000000,2.79000000,50001281,50001281,1697402507207,True,True
29749786,9.20000000,46.40000000,50001282,50001282,1697402507632,False,True
29749787,9.19000000,32.96000000,50001283,50001285,1697402509895,True,True
29749788,9.20000000,21.75000000,50001286,50001286,1697402518317,True,True
29749789,9.19000000,90.67000000,50001287,50001287,1697402521590,True,True
29749790,9.20000000,17.05000000,50001288,50001288,1697402521594,False,True
29749791,9.20000000,2.79000000,50001289,50001289,1697402523932,False,True
29749792,9.21000000,50.47000000,50001290,50001291,1697402524300,False,True
29749793,9.20000000,2.77000000,50001292,50001292,1697402540598,True,True
29749794,9.20000000,2.10000000,50001293,50001293,1697402582315,False,True
29749795,9.20000000,0.67000000,50001294,50001294,1697402582317,False,True
29749796,9.20000000,4.31000000,50001295,50001296,1697402596808,True,True
29749797,9.20000000,75.24000000,50001297,50001298,1697402610027,True,True
29749798,9.20000000,53.00000000,50001299,50001300,1697402702087,False,True
29749799,9.20000000,65.93000000,50001301,50001301,1697402702172,False,True
29749800,9.20000000,12.78000000,50001302,50001302,1697402702780,False,True
29749801,9.20000000,2.77000000,50001303,50001303,1697402732924,True,True
29749802,9.20000000,2.77000000,50001304,50001304,1697402820805,False,True
29749803,9.21000000,107.79000000,50001305,50001306,1697402887321,False,True
29749804,9.21000000,0.62000000,50001307,50001307,1697402890057,True,True
29749805,9.21000000,24.48000000,50001308,50001309,1697402894549,True,True
29749806,9.21000000,2.76000000,50001310,50001310,1697402928479,False,True
29749807,9.21000000,89.22000000,50001311,50001312,1697402980486,True,True
29749808,9.21000000,21.70000000,50001313,50001313,1697403022182,True,True
29749809,9.20000000,2.14000000,50001314,50001314,1697403049470,True,True
29749810,9.21000000,3.90000000,50001315,50001316,1697403066209,False,True
29749811,9.21000000,61.61000000,50001317,50001320,1697403082367,False,True
29749812,9.20000000,293.60000000,50001321,50001323,1697403131805,True,True
29749813,9.20000000,42.04000000,50001324,50001326,1697403156886,False,True
29749814,9.20000000,250.00000000,50001327,50001328,1697403191565,False,True
29749815,9.19000000,1.42000000,50001329,50001329,1697403249810,True,True
29749816,9.19000000,1.42000000,50001330,50001330,1697403288947,True,True
29749817,9.18000000,500.00000000,50001331,50001339,1697403334732,True,True
29749818,9.18000000,500.00000000,50001340,50001348,1697403349777,True,True
29749819,9.19000000,8.99000000,50001349,50001351,1697403571724,False,True
29749820,9.19000000,7.27000000,50001352,50001352,1697403571724,False,True
29749821,9.20000000,1.41000000,50001353,50001353,1697403655886,False,True
29749822,9.20000000,920.02000000,50001354,50001363,1697403700570,True,True
29749823,9.20000000,79.98000000,50001364,50001364,1697403700609,False,True
29749824,9.20000000,175.34000000,50001365,50001365,1697403741205,True,True
29749825,9.20000000,6.22000000,50001366,50001366,1697403741205,True,True
29749826,9.20000000,90.17000000,50001367,50001367,1697403741205,True,True
29749827,9.19000000,2.00000000,50001368,50001368,1697403774325,True,True
29749828,9.18000000,115.32000000,50001369,50001369,1697404158594,True,True
29749829,9.18000000,1237.43000000,50001370,50001372,1697404158722,True,True
29749830,9.17000000,18.14000000,50001373,50001374,1697404331298,True,True
29749831,9.18000000,4.02000000,50001375,50001375,1697404344260,False,True
29749832,9.17000000,3.26000000,50001376,50001376,1697404414968,True,True
29749833,9.17000000,129.74000000,50001377,50001377,1697404436288,True,True
29749834,9.17000000,5.66000000,50001378,50001378,1697404581920,False,True
29749835,9.17000000,5.66000000,50001379,50001379,1697404581921,False,True
29749836,9.17000000,5.66000000,50001380,50001380,1697404581921,False,True
29749837,9.17000000,2.84000000,50001381,50001381,1697404581936,False,True
29749838,9.19000000,293.76000000,50001382,50001383,1697405004753,False,True
29749839,9.19000000,19.50000000,50001384,50001384,1697405113387,False,True
29749840,9.20000000,5.00000000,50001385,50001387,1697405203456,False,True
29749841,9.19000000,19.50000000,50001388,50001389,1697405350380,True,True
29749842,9.19000000,61.82000000,50001390,50001390,1697405350439,True,True
29749843,9.19000000,265.16000000,50001391,50001397,1697405351716,False,True
29749844,9.18000000,10.00000000,50001398,50001398,1697405599611,True,True
29749845,9.18000000,265.11000000,50001399,50001401,1697405919276,True,True
29749846,9.16000000,778.07000000,50001402,50001407,1697406141449,True,True
29749847,9.16000000,26.97000000,50001408,50001408,1697406141486,True,True
29749848,9.16000000,54.00000000,50001409,50001409,1697406141491,True,True
29749849,9.16000000,2.10000000,50001410,50001410,1697406141521,True,True
29749850,9.16000000,90.38000000,50001411,50001411,1697406142094,True,True
29749851,9.16000000,17.54000000,50001412,50001412,1697406142098,True,True
29749852,9.16000000,410.85000000,50001413,50001413,1697406145291,True,True
29749853,9.16000000,0.88000000,50001414,50001414,1697406247065,False,True
29749854,9.15000000,1.09000000,50001415,50001415,1697406293387,True,True
29749855,9.15000000,35.24000000,50001416,50001417,1697406350839,True,True
29749856,9.15000000,19.52000000,50001418,50001419,1697406353900,True,True
29749857,9.15000000,0.97000000,50001420,50001420,1697406531028,True,True
29749858,9.16000000,269.50000000,50001421,50001422,1697406843068,False,True
29749859,9.16000000,6.68000000,50001423,50001423,1697406843071,False,True
29749860,9.16000000,1.15000000,50001424,50001424,1697407055232,True,True
29749861,9.16000000,1.52000000,50001425,50001425,1697407089555,True,True
29749862,9.17000000,112.47000000,50001426,50001426,1697407156012,False,True
29749863,9.17000000,35.26000000,50001427,50001427,1697407156017,False,True
29749864,9.17000000,20.57000000,50001428,50001428,1697407156021,False,True
29749865,9.18000000,1.42000000,50001429,50001429,1697407277494,False,True
29749866,9.19000000,3.82000000,50001430,50001432,1697407320525,False,True
29749867,9.19000000,3.17000000,50001433,50001433,1697407329080,True,True
29749868,9.19000000,2.10000000,50001434,50001434,1697407452028,False,True
29749869,9.19000000,1.07000000,50001435,50001435,1697407454360,False,True
29749870,9.20000000,1.52000000,50001436,50001437,1697407459289,False,True
29749871,9.21000000,9.80000000,50001438,50001438,1697407534891,True,True
29749872,9.21000000,9.80000000,50001439,50001439,1697407534891,True,True
29749873,9.21000000,9.80000000,50001440,50001441,1697407534891,True,True
29749874,9.21000000,8.25000000,50001442,50001443,1697407540217,True,True
29749875,9.20000000,3.13000000,50001444,50001444,1697407639113,False,True
29749876,9.20000000,24.85000000,50001445,50001446,1697407657645,True,True
29749877,9.20000000,3.13000000,50001447,50001447,1697407711052,False,True
29749878,9.21000000,3.13000000,50001448,50001448,1697407825613,True,True
29749879,9.20000000,1.04000000,50001449,50001449,1697407915566,True,True
29749880,9.20000000,2.10000000,50001450,50001450,1697407986102,True,True
29749881,9.20000000,17.23000000,50001451,50001451,1697407986314,True,True
29749882,9.19000000,51.20000000,50001452,50001454,1697407986528,True,True
29749883,9.19000000,1.04000000,50001455,50001455,1697408006102,False,True
29749884,9.18000000,1.04000000,50001456,50001456,1697408029504,True,True
29749885,9.19000000,29.14000000,50001457,50001459,1697408044602,False,True
29749886,9.19000000,30.70000000,50001460,50001460,1697408044604,False,True
29749887,9.19000000,9.90000000,50001461,50001461,1697408044608,False,True
29749888,9.19000000,3.11000000,50001462,50001462,1697408044609,False,True
29749889,9.19000000,9.82000000,50001463,50001463,1697408046087,False,True
29749890,9.19000000,9.82000000,50001464,50001464,1697408046087,False,True
29749891,9.19000000,9.82000000,50001465,50001465,1697408046087,False,True
29749892,9.19000000,3.10000000,50001466,50001466,1697408180687,True,True
29749893,9.19000000,275.11000000,50001467,50001468,1697408228012,False,True
29749894,9.20000000,20.93000000,50001469,50001470,1697408379338,False,True
29749895,9.19000000,2.10000000,50001471,50001471,1697408613263,True,True
29749896,9.19000000,55.00000000,50001472,50001474,1697408613377,True,True
29749897,9.19000000,253.10000000,50001475,50001475,1697408613413,True,True
29749898,9.18000000,22.65000000,50001476,50001477,1697408676320,True,True
29749899,9.18000000,72.90000000,50001478,50001478,1697408676354,True,True
29749900,9.18000000,3.10000000,50001479,50001480,1697408711247,False,True
29749901,9.19000000,351.78000000,50001481,50001482,1697409019168,False,True
29749902,9.20000000,281.61000000,50001483,50001485,1697409060821,False,True
29749903,9.20000000,2.84000000,50001486,50001486,1697409063227,True,True
29749904,9.20000000,2.09000000,50001487,50001487,1697409117466,False,True
29749905,9.19000000,2.09000000,50001488,50001488,1697409172752,True,True
29749906,9.20000000,2.84000000,50001489,50001489,1697409455313,False,True
29749907,9.20000000,2.57000000,50001490,50001490,1697409467639,True,True
29749908,9.19000000,9.82000000,50001491,50001491,1697409753609,True,True
29749909,9.19000000,9.82000000,50001492,50001492,1697409753609,True,True
29749910,9.19000000,9.82000000,50001493,50001494,1697409753609,True,True
29749911,9.18000000,23.13000000,50001495,50001496,1697409846554,True,True
29749912,9.18000000,9.82000000,50001497,50001498,1697409863643,False,True
29749913,9.18000000,9.82000000,50001499,50001499,1697409863643,False,True
29749914,9.18000000,9.82000000,50001500,50001500,1697409863643,False,True
29749915,9.19000000,1.09000000,50001501,50001501,1697409875185,False,True
29749916,9.18000000,1.33000000,50001502,50001502,1697409895740,True,True
29749917,9.18000000,10.71000000,50001503,50001504,1697409938303,True,True
29749918,9.18000000,48.68000000,50001505,50001508,1697409977004,False,True
29749919,9.17000000,12.05000000,50001509,50001510,1697410000318,True,True
29749920,9.16000000,83.79000000,50001511,50001515,1697410058074,True,True
29749921,9.15000000,52.97000000,50001516,50001519,1697410059020,True,True
29749922,9.16000000,2.75000000,50001520,50001520,1697410142752,False,True
29749923,9.16000000,2.10000000,50001521,50001521,1697410202482,True,True
29749924,9.16000000,0.65000000,50001522,50001522,1697410251593,True,True
29749925,9.15000000,2.75000000,50001523,50001523,1697410348717,False,True
29749926,9.16000000,2.75000000,50001524,50001524,1697410409756,True,True
29749927,9.16000000,0.06000000,50001525,50001525,1697410508815,True,True
29749928,9.16000000,3.46000000,50001526,50001527,1697410547505,False,True
29749929,9.16000000,2.81000000,50001528,50001528,1697410721763,True,True
29749930,9.14000000,146.77000000,50001529,50001532,1697411028029,True,True
29749931,9.14000000,2.81000000,50001533,50001533,1697411028770,False,True
29749932,9.14000000,13.01000000,50001534,50001535,1697411070736,True,True
29749933,9.15000000,276.07000000,50001536,50001537,1697411161086,False,True
29749934,9.15000000,1.74000000,50001538,50001538,1697411536036,True,True
29749935,9.15000000,1.15000000,50001539,50001539,1697411538106,True,True
29749936,9.15000000,2.89000000,50001540,50001541,1697411585885,False,True
29749937,9.15000000,10.00000000,50001542,50001543,1697411991192,True,True
29749938,9.15000000,9.81000000,50001544,50001544,1697412051531,True,True
29749939,9.15000000,9.81000000,50001545,50001545,1697412051531,True,True
29749940,9.15000000,9.81000000,50001546,50001546,1697412051531,True,True
29749941,9.15000000,66.31000000,50001547,50001547,1697412051532,True,True
29749942,9.15000000,28.27000000,50001548,50001548,1697412051532,True,True
29749943,9.15000000,4.56000000,50001549,50001549,1697412051535,True,True
29749944,9.15000000,20.86000000,50001550,50001550,1697412051535,True,True
29749945,9.15000000,116.43000000,50001551,50001551,1697412051558,True,True
29749946,9.15000000,9.80000000,50001552,50001552,1697412241685,False,True
29749947,9.15000000,9.80000000,50001553,50001553,1697412241686,False,True
29749948,9.15000000,9.80000000,50001554,50001556,1697412241686,False,True
29749949,9.16000000,143.60000000,50001557,50001559,1697413032655,False,True
29749950,9.16000000,152.53000000,50001560,50001560,1697413032660,False,True
29749951,9.17000000,10.04000000,50001561,50001561,1697414244581,False,True
29749952,9.17000000,313.03000000,50001562,50001564,1697414244582,False,True
